Metric,Value
MSE,1428.8112892015884
R2,0.035542119678400486
