Column,Mean,Median,Skewness
heart_disease,0.07394528010474649,0.0078003120124805,4.388922357227986
hypertension,0.12919325474782395,0.0718232044198895,2.901173279628965
