Model,MSE,R2
Linear Regression,1428.8112892015884,0.0355421196784004
Ridge Regression,1428.8112810774485,0.0355421251622533
