Metric,Value
MSE,1428.8112810774485
R2,0.0355421251622533
